"lambda","alpha","beta","PAR_0"
0.246500965675311,0.11973820784411,0.230603095157578,110.435049503703
