"lambda","alpha","beta","PAR_0"
0.24650096231029,0.119738207638185,0.230603096063607,110.43505107374
