"lambda","alpha","beta","PAR_0"
0.081359991375771,0.124585604568878,-0.0315276314071611,247.231145159311
